MsgSize,KeyGenMean,EncMean,DecMean,CiphertextSize
16,0.045329,0.090819,0.045266,97
32,0.044799,0.089855,0.045453,97
64,0.045491,0.179284,0.089534,194
128,0.045381,0.362182,0.182051,388
256,0.045483,0.718161,0.359886,776
512,0.044776,1.441602,0.722900,1552
1024,0.050145,3.158302,1.594150,3104
